classification_output_accuracy,classification_output_precision_40,classification_output_recall_40,loss,segmentation_output_accuracy,segmentation_output_mean_absolute_error,segmentation_output_mean_io_u_40,val_classification_output_accuracy,val_classification_output_precision_40,val_classification_output_recall_40,val_loss,val_segmentation_output_accuracy,val_segmentation_output_mean_absolute_error,val_segmentation_output_mean_io_u_40,learning_rate
0.9116806983947754,0.9778501391410828,0.8829411864280701,0.09109734743833542,0.9808498024940491,0.029496634379029274,0.47492820024490356,0.7882652878761292,0.796875,0.7806122303009033,0.37258169054985046,0.9688656330108643,0.03683851659297943,0.47730931639671326,0.0010000000474974513
0.9173949360847473,0.9757313132286072,0.8885714411735535,0.08535432815551758,0.9825677871704102,0.026892416179180145,0.47872287034988403,0.795918345451355,0.7958656549453735,0.7857142686843872,0.32208114862442017,0.9690117239952087,0.03633496165275574,0.47288018465042114,0.0010000000474974513
0.9263024926185608,0.9781095385551453,0.8973949551582336,0.07921581715345383,0.983289361000061,0.025616001337766647,0.47828349471092224,0.8035714030265808,0.8151041865348816,0.7984693646430969,0.3067011833190918,0.9674421548843384,0.03929125890135765,0.47606161236763,0.0010000000474974513
0.9269747734069824,0.9727346897125244,0.8994117379188538,0.08079186826944351,0.9833232760429382,0.02557707019150257,0.47787007689476013,0.7704081535339355,0.792553186416626,0.7602040767669678,0.34266066551208496,0.9689774513244629,0.03633033111691475,0.4825924038887024,0.0010000000474974513
0.9421008229255676,0.9789682030677795,0.9152941107749939,0.06840301305055618,0.9846355319023132,0.023476270958781242,0.48050960898399353,0.8086734414100647,0.8207792043685913,0.8061224222183228,0.35366499423980713,0.9669994711875916,0.039874959737062454,0.4758760631084442,0.0010000000474974513
