classification_output_accuracy,classification_output_precision_38,classification_output_recall_38,loss,segmentation_output_accuracy,segmentation_output_mean_absolute_error,segmentation_output_mean_io_u_38,val_classification_output_accuracy,val_classification_output_precision_38,val_classification_output_recall_38,val_loss,val_segmentation_output_accuracy,val_segmentation_output_mean_absolute_error,val_segmentation_output_mean_io_u_38,learning_rate
0.8865545988082886,0.9733511209487915,0.8594117760658264,0.3081602454185486,0.9805487394332886,0.025577999651432037,0.49520426988601685,0.7908163070678711,0.8020833134651184,0.7857142686843872,1.3719507455825806,0.9639872908592224,0.03987046703696251,0.4922822415828705,0.0010000000474974513
0.8936975002288818,0.976190447807312,0.8682352900505066,0.27373018860816956,0.976965606212616,0.02910028025507927,0.495270699262619,0.8112244606018066,0.8253968358039856,0.795918345451355,1.0135315656661987,0.9648715257644653,0.039542872458696365,0.5006011128425598,0.0010000000474974513
0.8973109126091003,0.978643000125885,0.8702520728111267,0.26897308230400085,0.9749760627746582,0.031100336462259293,0.4958963990211487,0.7704081535339355,0.7838541865348816,0.7678571343421936,1.2248010635375977,0.9633918404579163,0.04113748297095299,0.4962291717529297,0.0010000000474974513
0.8985714316368103,0.9796997308731079,0.8719327449798584,0.26305800676345825,0.9732838869094849,0.03281716629862785,0.49624103307724,0.7755101919174194,0.7936508059501648,0.7653061151504517,1.0914102792739868,0.9589398503303528,0.043648429214954376,0.485795795917511,0.0010000000474974513
0.898991584777832,0.977691650390625,0.8691596388816833,0.2702333927154541,0.9707270264625549,0.035273659974336624,0.4966842532157898,0.7882652878761292,0.7994791865348816,0.7831632494926453,1.2476531267166138,0.9598481059074402,0.04393892362713814,0.4902644455432892,0.0010000000474974513
